name, category
5-words-1.jpg, small
9-percent-1.jpg, small
12-numeric-1.jpg, small
13-numeric-1.jpg, small
14-numeric-1.jpg, small
14-words-1.jpg, small
18-numeric-1.jpg, small
21-2-12-numeric-1.jpg, small
23-hand-sign-1.jpg, small
28-numeric-1.jpg, small
33-6-numeric-1.jpg, small
38-numeric-1.jpg, small
43-numeric-1.jpg, small
83-numeric-1.jpg, small
88-hand-sign-1.jpg, small
88-numeric-1.jpg, small
100-percent-1.jpg, small
111-numeric-1-1.jpg, small
211-crew-1.jpg, small
311-numeric-1.jpg, small
318-numeric-1.jpg, small
511-numeric-1.jpg, small
737-numeric-1.jpg, small
1423-numeric-1.jpg, small
1488-numeric-1.jpg, small
2316-numeric-1.jpg, small
109110-1.jpg, small
13521390-1.jpg, small
abt-hand-sign-1.jpg, small
acab-1.jpg, small
advanced-white-society-1.jpg, small
aim-1.jpg, small
akia-1.jpg, small
alabama-aryan-brotherhood-1.jpg, small
american-front-1.jpg, small
anti-race-mixing-1.jpg, small
anti-racist-1.jpg, small
anti-sharp-1.jpg, small
antiantifa-1.jpg, small
anuddashoah-1.jpg, small
arrow-cross-1.jpg, small
aryan-brotherhood-1.jpg, small
aryan-brotherhood-texas-1.jpg, small
aryan-circle-1.jpg, small
aryan-circle-hand-sign-1.jpg, small
aryan-cowboy-brotherhood-1.jpg, small
aryan-fist-1.jpg, small
aryan-knights-1.jpg, small
aryan-nations-1.jpg, small
aryan-nations-gang-1.jpg, small
aryan-nations-gang-hand-sign-1.jpg, small
aryan-renaissance-society-1.jpg, small
aryan-terror-brigade-1.jpg, small
aryan-warriors-1.jpg, small
atlantic-city-skinheads-1.jpg, small
atomwaffen-1.jpg, small
ayak-1.jpg, small
blood-and-honour-1-2.jpg, small
blood-drop-cross-1.jpg, small
blue-eyed-devils-1.jpg, small
blut-und-ehre-1.jpg, small
boots-laces-1.jpg, small
bound-for-glory-1.jpg, small
bowlcut-1.jpg, small
brotherhood-forever-1.jpg, small
brothers-of-white-warriors-1.jpg, small
burning-cross-1.jpg, small
burningnazi-1.jpg, small
celtic-cross-1.jpg, small
confederate-flag-1.jpg, small
coors-family-skins-1.jpg, small
crazy-white-boy-1.jpg, small
creativity-movement-1.jpg, small
crew1488-1.jpg, small
crossed-grenades-1.jpg, small
crucified-skinhead-1.jpg, small
dayoftherope-1.jpg, small
diversity-1.jpg, small
echo-0-1.jpg, small
european-kindred-1.jpg, small
european-kindred-hand-sign-1a.jpg, small
fasces-1.jpg, small
featherwood-1.jpg, small
fgrn-1.jpg, small
firm-22-1.jpg, small
free-america-rally-1.jpg, small
georgia-aryan-brotherhood-1.jpg, small
german-phrases-1.jpg, small
german-soldier-1.jpg, small
golden-state-skins-1.jpg, small
gtkrwn-1.jpg, small
h8-1.jpg, small
hammerskin-1.jpg, small
hammerskin-hand-sign-1.jpg, small
happymerchant-1.jpg, small
hate-1.jpg, small
hate-edge-1.jpg, small
hated-1.jpg, small
heil-hitler-1a.jpg, small
hffh-1.jpg, small
hsn-1.jpg, small
identityevropa-1.jpg, small
identlambda-1.jpg, small
imperial-german-flag-1.jpg, small
indiana-aryan-brotherhood-1.jpg, small
inland-empire-skinheads-1.jpg, small
iotbw-1.jpg, small
iron-cross-1.jpg, small
itsub-1.jpg, small
jerarune-1.jpg, small
kabark-1-1.jpg, small
kangz-1.jpg, small
keystone-state-skinheads-1.jpg, small
kigy-1-1.jpg, small
klan-hand-sign-1.jpg, small
klan-robes-1.jpg, small
klasp-1.jpg, small
league-1.jpg, small
life-rune-1.jpg, small
lotie-1-1.jpg, small
love-your-race-1.jpg, small
meine-ehre-heisst-treue-1.jpg, small
mississippi-aryan-brotherhood-1.jpg, small
moonman-1.jpg, small
muhholocaust-1.jpg, small
national-alliance-1.jpg, small
national-socialist-movement-1.jpg, small
nationalsocialistlegion-1.jpg, small
nazi-eagle-1.jpg, small
nazi-low-rider-1.jpg, small
nazi-party-flag-1.jpg, small
new-aryan-empire-1.jpg, small
new-black-panther-party-1.jpg, small
noose-1.jpg, small
nop-1.jpg, small
northwest-1.jpg, small
nsmlegacy-1.jpg, small
nssa-1.jpg, small
ofof-1.jpg, small
ohio-aryan-brotherhood-1.jpg, small
OkayThumbnail75.jpg, small
oklahoma-aryan-brotherhood-1.jpg, small
orion-1.jpg, small
othala-1.jpg, small
patriotfront-1.jpg, small
peckerwood-1.jpg, small
peckerwood-hand-sign-1.jpg, small
peckerwood-midwest-1.jpg, small
peni-1.jpg, small
pepethefrog-1.jpg, small
phineas-priesthood-1.jpg, small
pitbull-1.jpg, small
race-over-all-1.jpg, small
rahowa-1.jpg, small
replace-1.jpg, small
riseabove-1.jpg, small
rock-against-communism-1.jpg, small
runic-writing-1.jpg, small
sacred-separatist-group-1.jpg, small
sadistic-souls-1.jpg, small
saxon-knights-1.jpg, small
shieldwall-1.jpg, small
sieg-heil-1.jpg, small
silent-aryan-warriors-1.jpg, small
SixGorillion-1.jpg, small
skrewdriver-1.jpg, small
soldiers-aryan-culture-1.jpg, small
solid-wood-soldiers-1.jpg, small
sonnenrad-1.jpg, small
south-africa-apartheid-flag-1.jpg, small
southern-brotherhood-1.jpg, small
ss-bolts-1.jpg, small
ss-divisional-insignia-1.jpg, small
ss-hand-sign-1.jpg, small
stmichael-1.jpg, small
stormer-1.jpg, small
stormfront-1.jpg, small
sturmabteilung-1.jpg, small
supreme-white-alliance-1.jpg, small
supreme-white-alliance-hand-sign-1.jpg, small
swastika-1.jpg, small
swp-1.jpg, small
the-order-1.jpg, small
thegoyimknow-1.jpg, small
thors-hammer-1.jpg, small
totenkopf-1.jpg, small
traditionalist-youth-network-1.jpg, small
triangle-klan-1.jpg, small
triskele-1.jpg, small
trollface-1.jpg, small
tyr-rune-1.jpg, small
unequal-1.jpg, small
unforgiven-1.jpg, small
universal-aryan-brotherhood-1.jpg, small
usas-1.jpg, small
valknot-1-1.jpg, small
vanguard-1.jpg, small
vinland-flag-1.jpg, small
vinlanders-1.jpg, small
vinlanders-handsign-1.jpg, small
volksfront-1.jpg,volksfront
volksfront-flag-1.jpg,volksfront
volksfront-handsign-1.jpg,volksfront
war-arkansas-1.jpg, small
wau-1.jpg, small
white-aryan-resistance-1.jpg, small
white-knights-1.jpg, small
white-power-handsign-2.jpg, small
whitelives-1.jpg, small
wolfsangel-1.jpg, small
wp-1.jpg, small
wpww-1a.jpg, small
zog-1a.jpg, small
zyklon-b-1.jpg, small